timestamp,asn,csp,tls,hash,extract_regex,cdn_name,port,url,input,location,title,scheme,error,webserver,body,content_type,method,host,path,favicon,favicon_path,final_url,header,raw_header,request,time,jarm,chain_status_codes,a,cname,tech,extracts,chain,words,lines,status_code,content_length,failed,vhost,websocket,cdn,http2,pipeline,stored_response_path
2023-05-11 06:34:45.049566568 -0400 EDT m=+0.775630527,<nil>,<nil>,<nil>,map[],[],,80,http://cpcontacts.nec.gov.kh:80,cpcontacts.nec.gov.kh,,503 Service Unavailable,http,,Apache,,text/html,GET,103.101.80.80,/,,,,map[],,,528.717445ms,,[],[103.101.80.80],[],[Apache HTTP Server],map[],[],42,12,503,428,false,false,false,false,false,false,
2023-05-11 06:34:45.214295368 -0400 EDT m=+0.940359171,<nil>,<nil>,<nil>,map[],[],,80,http://voterlist.nec.gov.kh:80,voterlist.nec.gov.kh,,Application Blocked,http,,,,text/html,GET,103.101.83.28,/,,,,map[],,,696.66472ms,,[],[103.101.83.28],[],[],map[],[],104,36,503,933,false,false,false,false,false,false,
2023-05-11 06:34:45.272291385 -0400 EDT m=+0.998355218,<nil>,<nil>,<nil>,map[],[],,80,http://electresult.nec.gov.kh:80,electresult.nec.gov.kh,,Application Blocked,http,,,,text/html,GET,103.101.83.27,/,,,,map[],,,751.325143ms,,[],[103.101.83.27],[],[],map[],[],104,36,503,933,false,false,false,false,false,false,
2023-05-11 06:34:45.421757332 -0400 EDT m=+1.147821209,<nil>,<nil>,<nil>,map[],[],,80,http://cpcalendars.nec.gov.kh:80,cpcalendars.nec.gov.kh,,503 Service Unavailable,http,,Apache,,text/html,GET,103.101.80.80,/,,,,map[],,,904.957181ms,,[],[103.101.80.80],[],[Apache HTTP Server],map[],[],42,12,503,428,false,false,false,false,false,false,
2023-05-11 06:34:45.502480752 -0400 EDT m=+1.228544619,<nil>,<nil>,<nil>,map[],[],,443,https://cpcontacts.nec.gov.kh:443,cpcontacts.nec.gov.kh,,503 Service Unavailable,https,,Apache,,text/html,GET,103.101.80.80,/,,,,map[],,,986.653318ms,,[],[103.101.80.80],[],[Apache HTTP Server],map[],[],42,12,503,428,false,false,false,false,false,false,
2023-05-11 06:34:45.526105422 -0400 EDT m=+1.252169234,<nil>,<nil>,<nil>,map[],[],,443,https://cpcalendars.nec.gov.kh:443,cpcalendars.nec.gov.kh,,503 Service Unavailable,https,,Apache,,text/html,GET,103.101.80.80,/,,,,map[],,,1.011171764s,,[],[103.101.80.80],[],[Apache HTTP Server],map[],[],42,12,503,428,false,false,false,false,false,false,
2023-05-11 06:34:45.591464127 -0400 EDT m=+1.317527955,<nil>,<nil>,<nil>,map[],[],,443,https://webdisk.nec.gov.kh:443,webdisk.nec.gov.kh,,,https,,cPanel,,text/html,GET,103.101.80.80,/,,,,map[],,,1.076955066s,,[],[103.101.80.80],[],[Basic],map[],[],2,1,401,35,false,false,false,false,false,false,
2023-05-11 06:34:45.622994706 -0400 EDT m=+1.349058529,<nil>,<nil>,<nil>,map[],[],,443,https://webmail.nec.gov.kh:443,webmail.nec.gov.kh,,Webmail Login,https,,Apache,,text/html,GET,103.101.80.80,/,,,,map[],,,981.247054ms,,[],[103.101.80.80],[],[Apache HTTP Server],map[],[],5627,297,200,37430,false,false,false,false,false,false,
2023-05-11 06:34:45.707153978 -0400 EDT m=+1.433217805,<nil>,<nil>,<nil>,map[],[],,443,https://cpanel.nec.gov.kh:443,cpanel.nec.gov.kh,,cPanel Login,https,,Apache,,text/html,GET,103.101.80.80,/,,,,map[],,,1.074967064s,,[],[103.101.80.80],[],[Apache HTTP Server cPanel],map[],[],5625,297,200,37418,false,false,false,false,false,false,
2023-05-11 06:34:45.924240975 -0400 EDT m=+1.650304891,<nil>,<nil>,<nil>,map[],[],,80,http://webdisk.nec.gov.kh:80,webdisk.nec.gov.kh,,,http,,cPanel,,text/html,GET,103.101.80.80,/,,,https://webdisk.nec.gov.kh/,map[],,,1.407896978s,,[302 401],[103.101.80.80],[],[Basic],map[],[],2,1,401,35,false,false,false,false,false,false,
2023-05-11 06:34:46.064436666 -0400 EDT m=+1.790500476,<nil>,<nil>,<nil>,map[],[],,80,http://webmail.nec.gov.kh:80,webmail.nec.gov.kh,,Webmail Login,http,,Apache,,text/html,GET,103.101.80.80,/,,,https://webmail.nec.gov.kh/,map[],,,1.436500667s,,[301 200],[103.101.80.80],[],[Apache HTTP Server],map[],[],5627,297,200,37430,false,false,false,false,false,false,
2023-05-11 06:34:46.067258062 -0400 EDT m=+1.793321891,<nil>,<nil>,<nil>,map[],[],,80,http://cpanel.nec.gov.kh:80,cpanel.nec.gov.kh,,cPanel Login,http,,Apache,,text/html,GET,103.101.80.80,/,,,https://cpanel.nec.gov.kh/,map[],,,1.435414638s,,[301 200],[103.101.80.80],[],[Apache HTTP Server cPanel],map[],[],5625,297,200,37418,false,false,false,false,false,false,
2023-05-11 06:34:47.373708624 -0400 EDT m=+3.099772453,<nil>,<nil>,<nil>,map[],[],,443,https://nec.gov.kh:443,nec.gov.kh,,គណៈកម្មាធិការជាតិរៀបចំការបោះឆ្នោត (គ.ជ.ប) | ឯករាជ្យ អព្យាក្រឹត សច្ចៈ យុត្តិធម៌ តម្លាភាព,https,,Apache/2.4.29 (Ubuntu),,text/html,GET,103.101.83.22,/,,,https://www.nec.gov.kh/khmer/,map[],,,2.190946692s,,[301 301 200],[103.101.83.22],[],[Apache HTTP Server:2.4.29 Bootstrap Drupal:7 Font Awesome PHP Ubuntu],map[],[],6080,900,200,98212,false,false,false,false,false,false,
2023-05-11 06:34:47.484297889 -0400 EDT m=+3.210361737,<nil>,<nil>,<nil>,map[],[],,443,https://www.nec.gov.kh:443,www.nec.gov.kh,,គណៈកម្មាធិការជាតិរៀបចំការបោះឆ្នោត (គ.ជ.ប) | ឯករាជ្យ អព្យាក្រឹត សច្ចៈ យុត្តិធម៌ តម្លាភាព,https,,Apache/2.4.29 (Ubuntu),,text/html,GET,103.101.83.22,/,,,https://www.nec.gov.kh/khmer/,map[],,,2.256285286s,,[301 301 200],[103.101.83.22],[],[Apache HTTP Server:2.4.29 Bootstrap Drupal:7 Font Awesome PHP Ubuntu],map[],[],6080,900,200,98212,false,false,false,false,false,false,
2023-05-11 06:34:47.714214135 -0400 EDT m=+3.440277970,<nil>,<nil>,<nil>,map[],[],,80,http://nec.gov.kh:80,nec.gov.kh,,គណៈកម្មាធិការជាតិរៀបចំការបោះឆ្នោត (គ.ជ.ប) | ឯករាជ្យ អព្យាក្រឹត សច្ចៈ យុត្តិធម៌ តម្លាភាព,http,,Apache/2.4.29 (Ubuntu),,text/html,GET,103.101.83.22,/,,,https://www.nec.gov.kh/khmer/,map[],,,2.544348461s,,[302 301 301 200],[103.101.83.22],[],[Apache HTTP Server:2.4.29 Bootstrap Drupal:7 Font Awesome PHP Ubuntu],map[],[],6080,900,200,98212,false,false,false,false,false,false,
2023-05-11 06:34:47.74290422 -0400 EDT m=+3.468968047,<nil>,<nil>,<nil>,map[],[],,80,http://www.nec.gov.kh:80,www.nec.gov.kh,,គណៈកម្មាធិការជាតិរៀបចំការបោះឆ្នោត (គ.ជ.ប) | ឯករាជ្យ អព្យាក្រឹត សច្ចៈ យុត្តិធម៌ តម្លាភាព,http,,Apache/2.4.29 (Ubuntu),,text/html,GET,103.101.83.22,/,,,https://www.nec.gov.kh/khmer/,map[],,,2.541203807s,,[302 301 301 200],[103.101.83.22],[],[Apache HTTP Server:2.4.29 Bootstrap Drupal:7 Font Awesome PHP Ubuntu],map[],[],6080,900,200,98212,false,false,false,false,false,false,
